AbduKa00,Abdul-Jabbar,Karim,rb,1974,1996
AbduRa00,Abdullah,Rabih,rb,1975,1999
AberWa00,Abercrombie,Walter,rb,1959,1982
AbraDa00,Abramowicz,Danny,wr,1945,1967
AdamBo00,Adams,Bob,te,1946,1969
AdamCh00,Adams,Charlie,wr,1979,2003
AdamCu00,Adams,Curtis,rb,1962,1985
AdamGe00,Adams,George,rb,1962,1985
AdamGr00,Adams,Grant,wr,2000,2005
AdamJo00,Adams,John,rb,1937,1959
AdamMi00,Adams,Michael,wr,1974,1997
AdamMi01,Adamle,Mike,rb,1949,1971
AdamTo00,Adams,Tony,qb,1950,1975
AdamTo01,Adams,Tom,wr,1940,1962
AdamTo02,Adamle,Tony,rb,1924,1950
AdamWi00,Adams,Willie,wr,1956,1979
AddaJo00,Addai,Joseph,rb,1983,2006
AdkiJa00,Adkisson,James,te,1980,2005
AdkiMa00,Adkins,Margene,wr,1947,1970
AdkiSa00,Adkins,Sam,qb,1955,1977
