AffhEr00,Affholter,Erik,wr,1966,1991
AgeeTo00,Agee,Tommie,rb,1964,1988
AikeSa00,Aiken,Sam,wr,1980,2003
AikmTr00,Aikman,Troy,qb,1966,1989
AkinFr00,Akins,Frank,rb,1919,1943
AlbeFr00,Albert,Frankie,qb,1920,1950
AldrBe00,Aldridge,Bennie,rb,1926,1950
AlexCh00,Alexander,Charles,rb,1957,1979
AlexDe00,Alexander,Derrick,wr,1971,1994
AlexGl00,Alexander,Glenn,wr,1947,1970
AlexJe00,Alexander,Jeff,rb,1965,1989
AlexKe00,Alexander,Kevin,wr,1975,1996
AlexMi00,Alexander,Mike,wr,1965,1989
AlexRa00,Alexander,Ray,wr,1962,1984
AlexRi00,Alexis,Rich,rb,1981,2005
AlexSh00,Alexander,Shaun,rb,1977,2000
AlexSt00,Alexander,Stephen,te,1975,1998
AlfoBr00,Alford,Brian,wr,1975,1998
AlfoBr01,Alford,Bruce,wr,1922,1950
AlleAn00,Allen,Anthony,wr,1959,1985
